Helmets and Cycles,Australia,Australia,2012,26328.5294,66
Plastic Products Manufacturers,Australia,Australia,2012,9150.382,18
Sensible Sports,Australia,Australia,2012,5527.9561,9
First Supplies,Australia,Australia,2012,5001.8873,17
Unusual Bicycle Company,Australia,Australia,2012,2288.7072,3
Fitness Discount Store,Australia,Australia,2012,1243.3033,10
Eastside Cycle Shop,Australia,Australia,2012,283.9489,1
Nationwide Supply,Australia,Australia,2013,221169.7847,975
Rich Department Store,Australia,Australia,2013,148996.5063,212
Gears and Parts Company,Australia,Australia,2013,145407.7395,238
Budget Toy Store,Australia,Australia,2013,145380.1284,378
Cycle Parts and Accessories,Australia,Australia,2013,115085.6355,391
Helpful Sales and Repair Service,Australia,Australia,2013,106761.0879,431
Popular Bike Lines,Australia,Australia,2013,105590.1311,459
Bike Part Wholesalers,Australia,Australia,2013,105520.8817,498
Helmets and Cycles,Australia,Australia,2013,89972.418,132
Fast Bike Works,Australia,Australia,2013,67406.0456,106
Liquidation Sales,Australia,Australia,2013,61620.2622,184
List Price Catalog Company,Australia,Australia,2013,59063.8852,250
Plastic Products Manufacturers,Australia,Australia,2013,29921.094,43
First Supplies,Australia,Australia,2013,25843.722,56
Sensible Sports,Australia,Australia,2013,21133.674,19
Uncompromising Quality Co,Australia,Australia,2013,11676.336,14
Inexpensive Parts Shop,Australia,Australia,2013,10749.348,126
Rental Gallery,Australia,Australia,2013,9601.968,122
Seaside Bike Works,Australia,Australia,2013,9413.352,29
Twin Cycles,Australia,Australia,2013,7337.598,13
Ideal Components,Australia,Australia,2013,6678.108,7
Unusual Bicycle Company,Australia,Australia,2013,6117.762,11
Fitness Bike Accessories,Australia,Australia,2013,4631.0749,10
Global Sports Outlet,Australia,Australia,2013,4257.6168,9
Quality Bike Sales,Australia,Australia,2013,3303.8978,7
Second Bike Shop,Australia,Australia,2013,3288.918,3
Nearest Bike Store,Australia,Australia,2013,3009.54,7
Eastward Bike Accessories,Australia,Australia,2013,2983.0189,7
Jumbo Bikes,Australia,Australia,2013,2860.884,2
Online Bike Catalog,Australia,Australia,2013,2850.498,12
Eastside Cycle Shop,Australia,Australia,2013,2385.162,4
Fitness Discount Store,Australia,Australia,2013,2161.77,63
Kids and Adults Cycle Shop,Australia,Australia,2013,2130.762,5
Major Bicycle Store,Australia,Australia,2013,200.052,1
Retail Mall,Canada,Canada,2010,35944.1562,93
Original Bicycle Supply Company,Canada,Canada,2010,32726.4786,38
"Health Spa, Limited",Canada,Canada,2010,28832.5289,54
Superb Sales and Repair,Canada,Canada,2010,7793.1108,24
Red Bicycle Company,Canada,Canada,2010,6124.182,9
Requisite Part Supply,Canada,Canada,2010,2624.382,3
General Bike Corporation,Canada,Canada,2010,1316.0575,5
Retail Mall,Canada,Canada,2011,303068.5119,724
Vigorous Exercise Company,Canada,Canada,2011,300525.6619,385
Serious Cycles,Canada,Canada,2011,277397.6331,173
"Health Spa, Limited",Canada,Canada,2011,237597.3774,453
Rewarding Activities Company,Canada,Canada,2011,209379.1051,537
Corner Bicycle Supply,Canada,Canada,2011,171109.149,313
Red Bicycle Company,Canada,Canada,2011,164320.2648,186
Original Bicycle Supply Company,Canada,Canada,2011,146062.377,347
Designated Distributors,Canada,Canada,2011,125357.0395,371
General Cycle Storehouse,Canada,Canada,2011,120363.9684,117
Rapid Bikes,Canada,Canada,2011,112884.2842,160
Leather Seat Factory,Canada,Canada,2011,101336.8382,208
Non-Slip Pedal Company,Canada,Canada,2011,99117.8591,118
Sundry Sporting Goods,Canada,Canada,2011,93863.6918,140
Top Sports Supply,Canada,Canada,2011,92716.906,339
Tenth Bike Store,Canada,Canada,2011,86786.0701,157
Superb Sales and Repair,Canada,Canada,2011,79207.5439,127
Finer Riding Supplies,Canada,Canada,2011,74435.7785,200
Citywide Service and Repair,Canada,Canada,2011,72131.9825,254
Wholesale Parts,Canada,Canada,2011,71252.8201,124
Cross-Country Riding Supplies,Canada,Canada,2011,69150.3094,46
Price-Cutter Discount Bikes,Canada,Canada,2011,62428.6039,186
National Manufacturing,Canada,Canada,2011,60883.769,111
Primary Bike Distributors,Canada,Canada,2011,60222.6413,98
Sharp Bikes,Canada,Canada,2011,48761.856,34
Sixth Bike Store,Canada,Canada,2011,46787.562,34
Two-Wheeled Transit Company,Canada,Canada,2011,44740.368,37
Scratch-Resistant Finishes Company,Canada,Canada,2011,34537.698,21
Requisite Part Supply,Canada,Canada,2011,34025.6088,78
General Bike Corporation,Canada,Canada,2011,29546.3693,103
Greater Bike Store,Canada,Canada,2011,28024.8516,32
Tandem Sales and Service,Canada,Canada,2011,24694.3737,51
Quick Delivery Service,Canada,Canada,2011,24236.3162,23
Metal Processing Company,Canada,Canada,2011,22516.3228,57
Gasless Cycle Shop,Canada,Canada,2011,11090.1375,32
Plastic Parts Company,Canada,Canada,2011,10124.97,5
Vinyl and Plastic Goods Corporation,Canada,Canada,2011,8852.5709,5
Certified Sports Supply,Canada,Canada,2011,8129.976,4
Major Cycling,Canada,Canada,2011,7828.176,11
Professional Cyclists,Canada,Canada,2011,4985.7584,11
Bikes for Kids and Adults,Canada,Canada,2011,4831.9452,17
First-Rate Outlet,Canada,Canada,2011,4537.6374,12
General Department Stores,Canada,Canada,2011,4248.2689,7
Transportation Options,Canada,Canada,2011,2082.6748,3
Economy Center,Canada,Canada,2011,2024.994,1
The Showroom,Canada,Canada,2011,1775.5745,4
Recommended Bicycles,Canada,Canada,2011,1294.2529,2
Acceptable Sales & Service,Canada,Canada,2011,1258.3767,3
Large Bike Shop,Canada,Canada,2011,24.2945,1
Tenth Bike Store,Canada,Canada,2012,371587.1186,771
Corner Bicycle Supply,Canada,Canada,2012,366058.2153,945
Retail Mall,Canada,Canada,2012,301029.9532,847
"Health Spa, Limited",Canada,Canada,2012,299522.7179,610
Top Sports Supply,Canada,Canada,2012,298188.5538,1131
Vigorous Exercise Company,Canada,Canada,2012,285632.5913,1013
Leather Seat Factory,Canada,Canada,2012,215978.8668,560
Active Life Toys,Canada,Canada,2012,200013.366,468
General Supplies,Canada,Canada,2012,189701.6685,485
Sundry Sporting Goods,Canada,Canada,2012,183917.6607,442
Custom Accessories Company,Canada,Canada,2012,164908.6018,684
Citywide Service and Repair,Canada,Canada,2012,162282.7926,773
Rewarding Activities Company,Canada,Canada,2012,162091.4283,666
Mercantile Outlet,Canada,Canada,2012,144602.5816,293
Bikes and Motorbikes,Canada,Canada,2012,142176.8162,755
General Cycle Storehouse,Canada,Canada,2012,141065.805,386
Rapid Bikes,Canada,Canada,2012,140093.0884,712
Valley Toy Store,Canada,Canada,2012,138084.6211,432
Rural Cycle Emporium,Canada,Canada,2012,137425.0834,283
Red Bicycle Company,Canada,Canada,2012,136151.0152,283
Original Bicycle Supply Company,Canada,Canada,2012,136061.0926,597
Twelfth Bike Store,Canada,Canada,2012,130478.7914,415
Primary Bike Distributors,Canada,Canada,2012,129845.0859,291
Family Cycle Store,Canada,Canada,2012,115999.9647,255
Neighborhood Store,Canada,Canada,2012,112263.7267,623
National Manufacturing,Canada,Canada,2012,92518.5973,140
Finer Riding Supplies,Canada,Canada,2012,91742.4551,153
Greater Bike Store,Canada,Canada,2012,46744.7319,99
One Bike Company,Canada,Canada,2012,45190.6918,107
Metro Manufacturing,Canada,Canada,2012,39010.7805,141
Finer Cycle Shop,Canada,Canada,2012,33397.0922,137
Standard Bikes,Canada,Canada,2012,24616.9977,119
Gasless Cycle Shop,Canada,Canada,2012,24027.8658,111
Famous Bike Shop,Canada,Canada,2012,23936.8419,97
Metal Processing Company,Canada,Canada,2012,20771.602,109
Urban Sports Emporium,Canada,Canada,2012,19353.853,97
Leisure Activities,Canada,Canada,2012,19151.57,50
General Bike Corporation,Canada,Canada,2012,18987.3834,136
Bikes for Kids and Adults,Canada,Canada,2012,17094.3157,73
Professional Cyclists,Canada,Canada,2012,16841.6623,21
Sixth Bike Store,Canada,Canada,2012,15021.5705,52
Remote Bicycle Specialists,Canada,Canada,2012,12521.5522,57
Serious Cycles,Canada,Canada,2012,11767.5766,21
Scratch-Resistant Finishes Company,Canada,Canada,2012,11200.2977,41
Nice Bikes,Canada,Canada,2012,11035.8233,26
Machines & Cycles Store,Canada,Canada,2012,10686.7361,26
Two-Wheeled Transit Company,Canada,Canada,2012,9080.4048,40
Tire Exchange,Canada,Canada,2012,8981.4805,99
Family's Favorite Bike Shop,Canada,Canada,2012,7786.2085,13
Retreat Inn,Canada,Canada,2012,5914.7154,33
Future Bikes,Canada,Canada,2012,4955.3863,14
Cycle Merchants,Canada,Canada,2012,4036.0739,10
Vinyl and Plastic Goods Corporation,Canada,Canada,2012,3726.0641,4
General Industries,Canada,Canada,2012,3031.9136,48
General Department Stores,Canada,Canada,2012,2679.701,11
Reliable Retail Center,Canada,Canada,2012,2578.023,11
Non-Slip Pedal Company,Canada,Canada,2012,2039.5715,11
Transportation Options,Canada,Canada,2012,1892.5972,5
Major Cycling,Canada,Canada,2012,1854.5644,4
Economy Center,Canada,Canada,2012,1439.1808,2
Seats and Saddles Company,Canada,Canada,2012,1229.4589,1
Superb Sales and Repair,Canada,Canada,2012,921.834,3
Our Sporting Goods Store,Canada,Canada,2012,780.8182,1
Road Way Sales and Rental,Canada,Canada,2012,758.9395,2
The Commissary,Canada,Canada,2012,714.5072,3
Plastic Parts Company,Canada,Canada,2012,672.2885,2
Online Bike Warehouse,Canada,Canada,2012,667.83,2
Bikes for Two,Canada,Canada,2012,637.6895,17
Tandem Sales and Service,Canada,Canada,2012,276.1664,3
The Showroom,Canada,Canada,2012,202.332,1
Gear-Shift Bikes Limited,Canada,Canada,2012,202.332,1
Price-Cutter Discount Bikes,Canada,Canada,2012,202.332,1
Large Bike Shop,Canada,Canada,2012,33.7745,1
General Riding Supplies,Canada,Canada,2012,22.794,1
Camping and Sports Store,Canada,Canada,2013,343349.7835,533
Rural Cycle Emporium,Canada,Canada,2013,306436.741,906
Vigorous Exercise Company,Canada,Canada,2013,255750.5176,1339
Corner Bicycle Supply,Canada,Canada,2013,250605.6793,450
Top Sports Supply,Canada,Canada,2013,211654.4328,880
Odometers and Accessories Company,Canada,Canada,2013,197801.0562,900
Farthest Bike Store,Canada,Canada,2013,196449.4375,794
Petroleum Products Distributors,Canada,Canada,2013,169212.2208,910
"Health Spa, Limited",Canada,Canada,2013,164846.0897,291
Twelfth Bike Store,Canada,Canada,2013,161756.0634,566
Retail Mall,Canada,Canada,2013,159235.274,267
Leather Seat Factory,Canada,Canada,2013,155503.3487,424
Rapid Bikes,Canada,Canada,2013,144575.8986,971
Grand Industries,Canada,Canada,2013,141941.6478,239
Family Cycle Store,Canada,Canada,2013,134219.3138,319
General Supplies,Canada,Canada,2013,128475.924,527
Consolidated Messenger,Canada,Canada,2013,128376.1096,492
Up-To-Date Sports,Canada,Canada,2013,125793.7992,296
Finer Riding Supplies,Canada,Canada,2013,123980.694,320
Rewarding Activities Company,Canada,Canada,2013,111268.1716,760
Bikes and Motorbikes,Canada,Canada,2013,107118.7322,823
Sundry Sporting Goods,Canada,Canada,2013,106612.6631,189
Custom Accessories Company,Canada,Canada,2013,104098.70,213
Quick Parts and Service,Canada,Canada,2013,102230.412,180
Original Bicycle Supply Company,Canada,Canada,2013,101803.5341,254
Fasteners & Bolts Outlet,Canada,Canada,2013,98367.4157,434
Valley Toy Store,Canada,Canada,2013,96872.7006,300
Metal Clearing House,Canada,Canada,2013,91879.1241,169
Citywide Service and Repair,Canada,Canada,2013,90608.1379,578
Primary Bike Distributors,Canada,Canada,2013,88130.496,158
Red Bicycle Company,Canada,Canada,2013,85900.4169,231
South Bike Company,Canada,Canada,2013,61696.5641,162
Machines & Cycles Store,Canada,Canada,2013,35929.932,74
General Department Stores,Canada,Canada,2013,27094.2036,93
Finer Cycle Shop,Canada,Canada,2013,25927.4066,172
Gasless Cycle Shop,Canada,Canada,2013,24840.024,165
Standard Bikes,Canada,Canada,2013,24821.82,80
Metal Processing Company,Canada,Canada,2013,21852.462,197
Famous Bike Shop,Canada,Canada,2013,21566.1293,97
Greater Bike Store,Canada,Canada,2013,19602.6195,83
Workout Emporium,Canada,Canada,2013,18001.7208,15
Our Sporting Goods Store,Canada,Canada,2013,17249.91,25
Urban Sports Emporium,Canada,Canada,2013,15894.912,160
One Bike Company,Canada,Canada,2013,15570.8604,76
Remote Bicycle Specialists,Canada,Canada,2013,14256.462,120
Metro Manufacturing,Canada,Canada,2013,13290.756,154
Two-Wheeled Transit Company,Canada,Canada,2013,12372.444,37
Efficient Cycling,Canada,Canada,2013,12224.879,23
Low Price Cycles,Canada,Canada,2013,11277.198,38
General Bike Corporation,Canada,Canada,2013,10580.4689,96
Racing Partners,Canada,Canada,2013,10044.0915,56
Tire Exchange,Canada,Canada,2013,9798.3446,125
Bikes for Kids and Adults,Canada,Canada,2013,7724.85,25
Bikes for Two,Canada,Canada,2013,7140.1836,42
Future Bikes,Canada,Canada,2013,6082.644,6
Reliable Retail Center,Canada,Canada,2013,5898.66,10
Top Bike Market,Canada,Canada,2013,5641.2108,18
General Industries,Canada,Canada,2013,5368.0802,181
Certified Sports Supply,Canada,Canada,2013,5297.718,8
Vinyl and Plastic Goods Corporation,Canada,Canada,2013,3646.38,6
Retreat Inn,Canada,Canada,2013,3002.844,12
Commuter Bicycle Store,Canada,Canada,2013,2999.466,51
Courteous Bicycle Specialists,Canada,Canada,2013,2612.256,7
Family's Favorite Bike Shop,Canada,Canada,2013,2451.576,12
Major Cycling,Canada,Canada,2013,2373.504,3
Cycle Merchants,Canada,Canada,2013,2251.71,10
Home Town Bike Store,Canada,Canada,2013,2225.328,8
Price-Cutter Discount Bikes,Canada,Canada,2013,2069.532,8
Eastside Parts Shop,Canada,Canada,2013,1691.88,5
General Riding Supplies,Canada,Canada,2013,1376.994,1
Superb Sales and Repair,Canada,Canada,2013,802.14,6
Non-Slip Pedal Company,Canada,Canada,2013,713.796,2
Retail Discount Store,Canada,Canada,2013,672.294,1
Operational Manufacturing,Canada,Canada,2013,352.386,5
Plastic Parts Company,Canada,Canada,2013,341.472,4
Serious Cycles,Canada,Canada,2013,323.994,1
The Showroom,Canada,Canada,2013,63.168,2
Scratch-Resistant Finishes Company,Canada,Canada,2013,31.584,1
Historic Bicycle Sales,Central,United States,2010,6122.082,6
Yellow Bicycle Company,Central,United States,2010,6107.082,6
First Bike Store,Central,United States,2010,5716.3102,22
Small Cycle Store,Central,United States,2010,1297.5901,6
Hardware Components,Central,United States,2011,408483.4465,431
Great Bicycle Supply,Central,United States,2011,276526.4031,188
Riders Company,Central,United States,2011,199095.4441,311
First Bike Store,Central,United States,2011,186245.846,291
Leading Sales & Repair,Central,United States,2011,146233.5598,366
Bold Bike Accessories,Central,United States,2011,136791.1466,155
Catalog Store,Central,United States,2011,127121.857,84
District Mall,Central,United States,2011,87491.355,123
Sample Bike Store,Central,United States,2011,85892.3768,104
Unique Bikes,Central,United States,2011,81372.226,73
Fun Times Club,Central,United States,2011,81011.7971,155
Good Bike Shop,Central,United States,2011,79240.1807,150
Yellow Bicycle Company,Central,United States,2011,71319.5168,50
Exhilarating Cycles,Central,United States,2011,70717.297,268
Futuristic Sport Distributors,Central,United States,2011,62510.31,248
Full-Service Bike Store,Central,United States,2011,51648.4809,50
Small Cycle Store,Central,United States,2011,32420.7671,93
Historic Bicycle Sales,Central,United States,2011,20436.84,27
Friendly Bike Shop,Central,United States,2011,15519.4439,35
This Area Sporting Goods,Central,United States,2011,12140.2623,41
Handy Bike Services,Central,United States,2011,9212.4174,12
A Great Bicycle Company,Central,United States,2011,8548.2423,19
Practical Bike Supply Company,Central,United States,2011,8144.976,4
Gift and Toy Store,Central,United States,2011,5948.2999,42
Field Trip Inc,Central,United States,2011,5161.8814,13
Travel Systems,Central,United States,2011,2566.4209,2
Lots of Bikes Storehouse,Central,United States,2011,2254.9498,3
Largest Bike Store,Central,United States,2011,1206.7942,4
Westside Cycle Store,Central,United States,2011,1047.8364,7
Discount Bicycle Specialists,Central,United States,2011,419.4589,1
Active Systems,Central,United States,2011,30.2798,2
Reasonable Bicycle Sales,Central,United States,2012,338648.8249,713
First Bike Store,Central,United States,2012,323790.5982,527
Field Trip Store,Central,United States,2012,244312.4421,717
Riders Company,Central,United States,2012,203941.0636,419
Exhilarating Cycles,Central,United States,2012,186607.6645,819
Fun Times Club,Central,United States,2012,180839.0115,298
Good Bike Shop,Central,United States,2012,178668.1359,439
Futuristic Sport Distributors,Central,United States,2012,173070.2087,769
World of Bikes,Central,United States,2012,141834.5432,440
Catalog Store,Central,United States,2012,134101.8059,281
Initial Bike Company,Central,United States,2012,132467.7939,392
Bicycle Lines Distributors,Central,United States,2012,128736.4766,268
"Fabrikam Inc., West",Central,United States,2012,124532.3947,410
Grand Sport Boutique,Central,United States,2012,48131.2184,165
Local Hardware Factory,Central,United States,2012,41816.7177,105
Gift and Toy Store,Central,United States,2012,22131.4284,138
Small Cycle Store,Central,United States,2012,19123.3591,93
This Area Sporting Goods,Central,United States,2012,18271.855,85
Online Bike Sellers,Central,United States,2012,17582.3954,15
Friendly Bike Shop,Central,United States,2012,14833.77,35
Responsible Bike Dealers,Central,United States,2012,14419.6237,82
Field Trip Inc,Central,United States,2012,9669.7591,54
Travel Systems,Central,United States,2012,7942.4078,31
Orange Bicycle Company,Central,United States,2012,6353.2917,72
Fitness Hotel,Central,United States,2012,6167.3085,18
Best o' Bikes,Central,United States,2012,4805.5328,52
Metro Bike Works,Central,United States,2012,3573.4611,8
Bold Bike Accessories,Central,United States,2012,3381.2525,5
The Accessories Store,Central,United States,2012,3193.4272,6
Practical Bike Supply Company,Central,United States,2012,2572.8878,7
Summer Sports Place,Central,United States,2012,2502.2318,4
Black Bicycle Company,Central,United States,2012,2472.3107,2
Client Discount Store,Central,United States,2012,2453.9932,16
Blue Bicycle Company,Central,United States,2012,2391.4815,5
Valley Bicycle Specialists,Central,United States,2012,2253.3381,4
Work and Play Association,Central,United States,2012,1723.7887,4
Westside Cycle Store,Central,United States,2012,1367.0103,18
Sample Bike Store,Central,United States,2012,1308.9375,1
Kickstand Sellers,Central,United States,2012,973.6662,13
Largest Bike Store,Central,United States,2012,732.126,6
Lots of Bikes Storehouse,Central,United States,2012,647.994,1
Active Systems,Central,United States,2012,609.7015,18
A Great Bicycle Company,Central,United States,2012,469.794,1
Friendly Neighborhood Bikes,Central,United States,2012,68.382,3
Extras Sporting Goods,Central,United States,2012,67.539,1
Field Trip Store,Central,United States,2013,427305.5875,1229
Reasonable Bicycle Sales,Central,United States,2013,233386.2872,673
First Bike Store,Central,United States,2013,196112.008,315
Sleek Bikes,Central,United States,2013,185859.5957,255
Immense Manufacturing Company,Central,United States,2013,181062.7128,226
Initial Bike Company,Central,United States,2013,151837.8362,526
Bicycle Lines Distributors,Central,United States,2013,145659.0771,425
Work and Play Association,Central,United States,2013,142386.078,232
Valley Bicycle Specialists,Central,United States,2013,137877.5028,378
World of Bikes,Central,United States,2013,136734.0268,614
Good Bike Shop,Central,United States,2013,134876.286,198
"Fabrikam Inc., West",Central,United States,2013,123836.4221,568
Riders Company,Central,United States,2013,116374.8487,328
Catalog Store,Central,United States,2013,112434.8028,316
Exhilarating Cycles,Central,United States,2013,79076.6995,540
Futuristic Sport Distributors,Central,United States,2013,73496.8918,528
Paints and Solvents Company,Central,United States,2013,58775.0691,156
Grand Sport Boutique,Central,United States,2013,34004.3583,158
Small Cycle Store,Central,United States,2013,30004.524,82
Gift and Toy Store,Central,United States,2013,21538.062,102
Client Discount Store,Central,United States,2013,19553.8224,79
Novelty Bikes,Central,United States,2013,15973.3036,49
This Area Sporting Goods,Central,United States,2013,14156.694,51
Best o' Bikes,Central,United States,2013,13714.728,48
Friendly Neighborhood Bikes,Central,United States,2013,11074.218,37
Travel Systems,Central,United States,2013,10830.486,34
Responsible Bike Dealers,Central,United States,2013,9391.632,111
Local Sales and Rental,Central,United States,2013,6407.892,19
Fun Times Club,Central,United States,2013,6315.246,22
Metro Bike Works,Central,United States,2013,5313.018,9
Bold Bike Accessories,Central,United States,2013,4562.8236,12
Fitness Hotel,Central,United States,2013,4431.234,9
Orange Bicycle Company,Central,United States,2013,3663.0509,159
Little Bicycle Supply Shop,Central,United States,2013,3560.952,13
Blue Bicycle Company,Central,United States,2013,1530.798,3
Lots of Bikes Storehouse,Central,United States,2013,482.424,2
The Accessories Store,Central,United States,2013,326.742,3
Handy Bike Services,Central,United States,2013,245.3904,4
Field Trip Inc,Central,United States,2013,173.394,5
Yellow Bicycle Company,Central,United States,2013,41.994,1
A Great Bicycle Company,Central,United States,2013,37.254,1
Summer Sports Place,Central,United States,2013,16.272,1
Steel Inc.,France,France,2011,42438.4645,211
Spare Parts Co.,France,France,2011,37208.4124,144
Full Sports Supply,France,France,2011,13094.2967,66
Instant Cycle Store,France,France,2011,2476.9638,8
Recreation Toy Store,France,France,2011,2278.1544,4
Metropolitan Equipment,France,France,2012,382758.9178,1063
Registered Cycle Store,France,France,2012,266204.9132,933
Getaway Inn,France,France,2012,180419.3497,342
Racing Sales and Service,France,France,2012,174832.7856,311
Spare Parts Co.,France,France,2012,122774.8331,486
Steel Inc.,France,France,2012,58887.9166,600
Rural Mountain Bike Mart,France,France,2012,52441.2306,127
Community Department Stores,France,France,2012,36497.7757,134
Spa and Exercise Outfitters,France,France,2012,31759.1406,99
Finished Parts Shop,France,France,2012,27266.8589,48
Major Amusement Company,France,France,2012,20242.0481,100
Full Sports Supply,France,France,2012,15104.0501,70
Metro Sports Equipment,France,France,2012,5811.7042,10
Recreation Toy Store,France,France,2012,4621.5947,31
Self-Contained Cycle Parts Company,France,France,2012,2342.5335,6
Ace Bicycle Supply,France,France,2012,1361.5898,3
Sports Products Store,France,France,2012,1344.252,4
Instant Cycle Store,France,France,2012,1317.9973,5
Roadway Bicycle Supply,France,France,2013,436921.6551,766
Perfect Toys,France,France,2013,391040.5897,578
Registered Cycle Store,France,France,2013,314017.4154,1380
Favorite Toy Distributor,France,France,2013,283745.8829,478
Metropolitan Equipment,France,France,2013,260986.9782,1066
Racing Sales and Service,France,France,2013,234455.016,396
Spa and Exercise Outfitters,France,France,2013,177936.0052,1025
Ultimate Bicycle Company,France,France,2013,147963.7934,372
Getaway Inn,France,France,2013,139802.1998,866
Pretty Bikes and Toys,France,France,2013,132838.368,228
The Bike Outlet,France,France,2013,105389.106,176
Metro Sports Equipment,France,France,2013,94157.0062,305
Spare Parts Co.,France,France,2013,93989.6124,412
Cycles Sales and Repair,France,France,2013,66126.316,134
Steel Inc.,France,France,2013,46228.4512,481
Racing Supply Distributors,France,France,2013,39484.3158,73
Rural Mountain Bike Mart,France,France,2013,36007.692,80
Finer Sporting Goods,France,France,2013,34174.9217,147
Racing Tours,France,France,2013,20417.2598,147
Community Department Stores,France,France,2013,18135.882,170
Impervious Paint Company,France,France,2013,12728.322,41
Finished Parts Shop,France,France,2013,8437.89,38
Major Amusement Company,France,France,2013,8243.616,119
Recreation Toy Store,France,France,2013,4753.242,18
Instant Cycle Store,France,France,2013,4280.472,12
Ace Bicycle Supply,France,France,2013,2387.544,4
Accessories Network,France,France,2013,2165.7889,5
Self-Contained Cycle Parts Company,France,France,2013,2113.998,3
Wheels Inc.,France,France,2013,2074.698,3
First Center,France,France,2013,1718.088,5
Neighborhood Bicycle Storehouse,France,France,2013,560.352,11
Sports Products Store,France,France,2013,388.482,2
Atypical Bike Company,France,France,2013,381.192,2
Best Cycle Store,Germany,Germany,2012,66934.7012,365
Amalgamated Parts Shop,Germany,Germany,2012,62654.9615,288
"Fabrikam Inc., East",Germany,Germany,2012,33802.11,64
Producer Goods Clearinghouse,Germany,Germany,2012,6975.948,14
Bicycle Exporters,Germany,Germany,2012,5619.412,17
Primary Cycle Shop,Germany,Germany,2012,2636.688,5
Lustrous Paints and Components,Germany,Germany,2012,1344.588,2
Versatile Sporting Goods Company,Germany,Germany,2012,72.162,1
Global Bike Retailers,Germany,Germany,2013,337756.7319,1052
Next Door Cycles,Germany,Germany,2013,220496.689,391
Best Cycle Store,Germany,Germany,2013,205117.5246,687
Excellent Bikes,Germany,Germany,2013,186217.0681,846
Functional Store South,Germany,Germany,2013,153764.3535,1055
Amalgamated Parts Shop,Germany,Germany,2013,134672.6239,574
Rodeway Bike Store,Germany,Germany,2013,132143.7064,592
Educational Services,Germany,Germany,2013,117328.4563,513
"Fabrikam Inc., East",Germany,Germany,2013,82751.13,152
Pedaling Components,Germany,Germany,2013,56130.0691,105
West Wind Distributors,Germany,Germany,2013,29218.3575,35
Nearby Bike Mall,Germany,Germany,2013,26427.372,49
Bicycle Exporters,Germany,Germany,2013,25028.682,45
North Bike Company,Germany,Germany,2013,22090.0415,195
Very Best Sports Supply,Germany,Germany,2013,12240.162,44
Enterprise Center,Germany,Germany,2013,8582.946,31
Versatile Sporting Goods Company,Germany,Germany,2013,8068.59,15
Fast Services,Germany,Germany,2013,6369.00,19
Producer Goods Clearinghouse,Germany,Germany,2013,5819.484,24
Bicycle Warehouse Inc.,Germany,Germany,2013,5426.7938,123
Capital Riding Supplies,Germany,Germany,2013,5404.2048,19
Primary Cycle Shop,Germany,Germany,2013,5327.244,16
Fitness Toys,Germany,Germany,2013,4689.126,9
Top of the Line Bikes,Germany,Germany,2013,3372.3384,6
Rustic Bike Store,Germany,Germany,2013,3192.3709,9
Off-Price Bike Center,Germany,Germany,2013,1847.0629,4
Good Bicycle Store,Germany,Germany,2013,1538.172,2
Regional Cycle Shop,Germany,Germany,2013,1525.392,4
Showcase for Cycles,Germany,Germany,2013,1029.192,2
Rambling Tours,Germany,Germany,2013,228.582,4
Hometown Riding Supplies,Germany,Germany,2013,144.00,2
Weekend Tours,Northeast,United States,2010,12718.0844,20
Convenient Bike Shop,Northeast,United States,2010,3875.7229,8
Seventh Bike Store,Northeast,United States,2010,3746.2015,20
Curbside Universe,Northeast,United States,2010,1258.3767,3
Larger Cycle Shop,Northeast,United States,2011,191271.1949,470
Bicycle Outfitters,Northeast,United States,2011,132510.0051,234
Seventh Bike Store,Northeast,United States,2011,120003.2264,264
Retail Sales and Service,Northeast,United States,2011,95388.9866,159
Modern Bike Store,Northeast,United States,2011,91512.5009,135
Eastside Sporting Goods,Northeast,United States,2011,88689.6426,242
Active Transport Inc.,Northeast,United States,2011,84948.75,108
Lease-a-Bike Shop,Northeast,United States,2011,76375.4745,126
Weekend Tours,Northeast,United States,2011,75360.7097,100
Casual Bicycle Store,Northeast,United States,2011,65721.6787,236
Exotic Bikes,Northeast,United States,2011,65515.8237,118
Leather and Vinyl Manufacturing,Northeast,United States,2011,55710.7042,173
The Bike Mechanics,Northeast,United States,2011,54870.6991,65
Grand Discount Store,Northeast,United States,2011,45064.2667,91
Only Bikes and Accessories,Northeast,United States,2011,42676.974,24
Immediate Repair Shop,Northeast,United States,2011,36571.8493,104
Classic Cycle Store,Northeast,United States,2011,33299.5504,61
Convenient Bike Shop,Northeast,United States,2011,28770.5997,72
Wholesale Bikes,Northeast,United States,2011,24787.6096,57
Painters Bicycle Specialists,Northeast,United States,2011,21217.2448,44
Curbside Universe,Northeast,United States,2011,13965.8449,29
Tire Company,Northeast,United States,2011,12863.7408,24
Super Sports Store,Northeast,United States,2011,10880.2662,19
Famous Bike Sales and Service,Northeast,United States,2011,10029.6092,23
Metropolitan Sales and Rental,Northeast,United States,2011,3302.3018,6
Eleventh Bike Store,Northeast,United States,2011,57.6808,2
Outdoor Equipment Store,Northeast,United States,2012,431654.9655,1163
Eastside Sporting Goods,Northeast,United States,2012,269019.1322,530
Fitness Sport Boutique,Northeast,United States,2012,258976.6809,646
Casual Bicycle Store,Northeast,United States,2012,202511.4515,610
Larger Cycle Shop,Northeast,United States,2012,192566.2297,734
Lease-a-Bike Shop,Northeast,United States,2012,189855.8876,364
Retail Sales and Service,Northeast,United States,2012,189720.7097,476
Seventh Bike Store,Northeast,United States,2012,170916.2668,449
Fashionable Department Stores,Northeast,United States,2012,143753.4908,675
Executive Gift Store,Northeast,United States,2012,143236.4921,313
Immediate Repair Shop,Northeast,United States,2012,142194.521,302
Grand Discount Store,Northeast,United States,2012,140032.3253,513
Traditional Department Stores,Northeast,United States,2012,134036.6408,280
Wheelsets Storehouse,Northeast,United States,2012,129192.7975,629
Bike Boutique,Northeast,United States,2012,108158.6231,179
Classic Cycle Store,Northeast,United States,2012,91135.8963,172
Guaranteed Sales and Service,Northeast,United States,2012,63774.0784,166
Bicycle Outfitters,Northeast,United States,2012,50220.2421,68
Painters Bicycle Specialists,Northeast,United States,2012,43936.3085,151
Mountain Bike Store,Northeast,United States,2012,27275.3065,62
Super Sports Store,Northeast,United States,2012,26017.9573,46
Famous Bike Sales and Service,Northeast,United States,2012,18421.6019,66
Riverside Company,Northeast,United States,2012,16398.2065,46
Wholesale Bikes,Northeast,United States,2012,12826.062,39
The Bike Mechanics,Northeast,United States,2012,7240.6723,8
Exotic Bikes,Northeast,United States,2012,4972.5364,7
Modern Bike Store,Northeast,United States,2012,2795.5133,6
Weekend Tours,Northeast,United States,2012,2685.414,3
Mechanical Sports Center,Northeast,United States,2012,1940.9638,41
Active Cycling,Northeast,United States,2012,1805.454,5
Professional Sporting Goods,Northeast,United States,2012,1725.8568,3
Recreation Systems,Northeast,United States,2012,1469.6971,11
Curbside Universe,Northeast,United States,2012,1096.1995,6
Tire Company,Northeast,United States,2012,469.794,1
Active Transport Inc.,Northeast,United States,2012,324.4527,1
Metropolitan Sales and Rental,Northeast,United States,2012,324.4527,1
Outdoor Equipment Store,Northeast,United States,2013,314662.5638,525
Glossy Bikes,Northeast,United States,2013,239853.1192,736
Bike Boutique,Northeast,United States,2013,176717.448,298
Larger Cycle Shop,Northeast,United States,2013,153690.6713,872
Fashionable Department Stores,Northeast,United States,2013,142891.6478,973
Lease-a-Bike Shop,Northeast,United States,2013,128029.3259,211
Fourth Bike Store,Northeast,United States,2013,126693.2424,490
Immediate Repair Shop,Northeast,United States,2013,110060.7395,235
Seventh Bike Store,Northeast,United States,2013,107442.7773,340
Grand Discount Store,Northeast,United States,2013,107132.9485,630
Wheelsets Storehouse,Northeast,United States,2013,91696.0515,781
Casual Bicycle Store,Northeast,United States,2013,88819.8061,258
Mountain Bike Store,Northeast,United States,2013,79696.128,122
Small Bike Accessories Shop,Northeast,United States,2013,68431.0819,228
Guaranteed Sales and Service,Northeast,United States,2013,61187.1499,211
Painters Bicycle Specialists,Northeast,United States,2013,42438.1157,299
Incomparable Bicycle Store,Northeast,United States,2013,24342.4729,29
Traditional Department Stores,Northeast,United States,2013,24134.8396,185
Grown-up Bike Store,Northeast,United States,2013,17623.2972,56
Riverside Company,Northeast,United States,2013,15562.1297,91
Super Sports Store,Northeast,United States,2013,14904.918,25
Retail Sales and Service,Northeast,United States,2013,14420.79,40
Famous Bike Sales and Service,Northeast,United States,2013,8837.964,53
Purchase Mart,Northeast,United States,2013,8799.1298,35
Classic Cycle Store,Northeast,United States,2013,7288.872,16
The Bike Mechanics,Northeast,United States,2013,5829.822,23
Mechanical Sports Center,Northeast,United States,2013,4075.3437,137
Wholesale Bikes,Northeast,United States,2013,3952.278,32
Executive Gift Store,Northeast,United States,2013,3020.082,19
Active Transport Inc.,Northeast,United States,2013,2972.67,9
Expert Sports Store,Northeast,United States,2013,2917.9404,11
Professional Sporting Goods,Northeast,United States,2013,2740.974,6
Recreation Systems,Northeast,United States,2013,2085.27,14
Endurance Bikes,Northeast,United States,2013,1893.504,7
Metropolitan Sales and Rental,Northeast,United States,2013,1551.858,3
Exotic Bikes,Northeast,United States,2013,405.486,3
Tire Company,Northeast,United States,2013,323.994,1
Modern Bike Store,Northeast,United States,2013,65.988,2
Mobile Outlet,Northeast,United States,2013,1.374,1
Great Bikes,Northwest,United States,2010,42813.4333,38
Capable Sales and Service,Northwest,United States,2010,24432.6088,14
Latest Sports Equipment,Northwest,United States,2010,14352.7713,20
Basic Bike Company,Northwest,United States,2010,8128.7876,17
Fifth Bike Store,Northwest,United States,2010,3463.2998,5
The Bike Shop,Northwest,United States,2010,714.7043,1
Fashionable Bikes and Accessories,Northwest,United States,2011,255004.9872,325
Downtown Hotel,Northwest,United States,2011,243014.55,194
Latest Sports Equipment,Northwest,United States,2011,239216.1015,395
Sure & Reliable Sporting Goods,Northwest,United States,2011,194362.0716,293
Scooters and Bikes Store,Northwest,United States,2011,193258.6708,266
Great Bikes,Northwest,United States,2011,186855.6784,315
Brakes and Gears,Northwest,United States,2011,185995.559,159
Thorough Parts and Repair Services,Northwest,United States,2011,172249.7675,242
Outdoor Sports Supply,Northwest,United States,2011,160916.3839,166
Permanent Finish Products,Northwest,United States,2011,159116.2988,103
Raw Materials Inc,Northwest,United States,2011,153310.5787,153
Year-Round Sports,Northwest,United States,2011,146179.8344,98
Vast Bike Sales and Rental,Northwest,United States,2011,138840.8436,161
Brightwork Company,Northwest,United States,2011,128427.5563,101
Capable Sales and Service,Northwest,United States,2011,124405.0861,104
Friendly Bike Shop,Northwest,United States,2011,109253.4254,231
Some Discount Store,Northwest,United States,2011,107761.3089,73
Metro Cycle Shop,Northwest,United States,2011,102652.5777,80
A Bike Store,Northwest,United States,2011,85177.0812,121
Central Discount Store,Northwest,United States,2011,84356.0343,82
Suburban Cycle Shop,Northwest,United States,2011,77357.1599,63
Moderately-Priced Bikes Store,Northwest,United States,2011,55117.0264,49
Sports Commodities,Northwest,United States,2011,44945.4676,33
Remarkable Bike Store,Northwest,United States,2011,38049.3661,69
Official Parts Shop,Northwest,United States,2011,14515.9921,58
The Bike Shop,Northwest,United States,2011,11869.5532,14
First Department Stores,Northwest,United States,2011,10473.061,46
Alternative Vehicles,Northwest,United States,2011,9127.8241,18
Fifth Bike Store,Northwest,United States,2011,8496.8066,17
Finer Parts Shop,Northwest,United States,2011,5479.3966,4
Basic Bike Company,Northwest,United States,2011,4334.2257,15
Western Bike Supplies,Northwest,United States,2011,3781.8417,10
Associated Bikes,Northwest,United States,2011,2927.7262,4
Synthetic Materials Manufacturing,Northwest,United States,2011,2790.7539,5
Roadway Supplies,Northwest,United States,2011,1778.4284,3
Commendable Bikes,Northwest,United States,2011,1626.4708,4
Nonskid Tire Company,Northwest,United States,2011,1445.1898,2
All Cycle Shop,Northwest,United States,2011,1147.4382,35
Parcel Express Delivery Service,Northwest,United States,2011,419.4589,1
Demand Distributors,Northwest,United States,2011,178.5808,1
Roving Sports,Northwest,United States,2011,86.5212,3
Mail-Order Outlet,Northwest,United States,2012,353798.0835,775
Brakes and Gears,Northwest,United States,2012,293874.3914,557
Latest Sports Equipment,Northwest,United States,2012,286980.5481,660
Friendly Bike Shop,Northwest,United States,2012,277860.1597,718
Closeout Boutique,Northwest,United States,2012,271585.5044,1012
Great Bikes,Northwest,United States,2012,264874.4265,646
Sure & Reliable Sporting Goods,Northwest,United States,2012,192756.2792,300
Thorough Parts and Repair Services,Northwest,United States,2012,181777.8716,286
Safe Cycles Shop,Northwest,United States,2012,165520.6423,717
Bike Experts,Northwest,United States,2012,147784.2145,667
Frugal Bike Shop,Northwest,United States,2012,146164.4322,269
Front Sporting Goods,Northwest,United States,2012,130949.0946,692
Permanent Finish Products,Northwest,United States,2012,129884.8039,278
Convenient Sales and Service,Northwest,United States,2012,93190.6807,156
Fashionable Bikes and Accessories,Northwest,United States,2012,90218.3633,237
Honest Repair Service,Northwest,United States,2012,49685.6586,78
Official Parts Shop,Northwest,United States,2012,41474.3188,130
Vintage Sport Boutique,Northwest,United States,2012,41100.9589,122
Brightwork Company,Northwest,United States,2012,37628.6418,156
Remarkable Bike Store,Northwest,United States,2012,34659.721,105
Roadway Bike Emporium,Northwest,United States,2012,32901.6223,74
Moderately-Priced Bikes Store,Northwest,United States,2012,26480.3956,58
First Department Stores,Northwest,United States,2012,21861.0168,66
Certified Bicycle Supply,Northwest,United States,2012,21455.7799,92
Successful Sales Company,Northwest,United States,2012,17689.5591,99
Central Discount Store,Northwest,United States,2012,17260.7444,87
Western Bike Supplies,Northwest,United States,2012,16175.613,37
Progressive Sports,Northwest,United States,2012,14727.4354,86
Fad Outlet,Northwest,United States,2012,7649.6868,25
Bicycle Accessories and Kits,Northwest,United States,2012,6587.3763,14
Associated Bikes,Northwest,United States,2012,4852.6126,25
Coho Sports,Northwest,United States,2012,3557.3843,7
The Bike Shop,Northwest,United States,2012,3401.982,3
Finer Parts Shop,Northwest,United States,2012,3395.3658,9
Security Racks and Locks Wholesalers,Northwest,United States,2012,3290.4213,5
Nonskid Tire Company,Northwest,United States,2012,2823.6349,5
Two Bike Shops,Northwest,United States,2012,2620.1228,7
Countryside Company,Northwest,United States,2012,2588.361,11
City Manufacturing,Northwest,United States,2012,2539.8597,4
Metro Cycle Shop,Northwest,United States,2012,2531.2916,4
Road-Way Mart,Northwest,United States,2012,2485.7036,2
Year-Round Sports,Northwest,United States,2012,2479.4378,3
Roving Sports,Northwest,United States,2012,2379.6893,18
Demand Distributors,Northwest,United States,2012,2197.4466,6
Racing Bike Outlet,Northwest,United States,2012,1791.3562,5
Superior Hardware Distributors,Northwest,United States,2012,1401.9628,5
Outdoor Sports Supply,Northwest,United States,2012,1396.9077,5
Some Discount Store,Northwest,United States,2012,1229.4589,1
All Cycle Shop,Northwest,United States,2012,1141.8666,41
Fifth Bike Store,Northwest,United States,2012,883.776,4
Basic Bike Company,Northwest,United States,2012,608.3678,11
Commendable Bikes,Northwest,United States,2012,510.167,3
Suburban Cycle Shop,Northwest,United States,2012,362.832,5
Center Cycle Shop,Northwest,United States,2012,249.54,2
Retail Sporting Goods,Northwest,United States,2012,183.9382,1
Latest Accessories Sales,Northwest,United States,2012,164.4279,1
Major Sport Suppliers,Northwest,United States,2012,149.874,1
Imported and Domestic Cycles,Northwest,United States,2012,149.031,1
Synthetic Materials Manufacturing,Northwest,United States,2012,107.988,2
Brakes and Gears,Northwest,United States,2013,397237.2419,842
Thorough Parts and Repair Services,Northwest,United States,2013,386958.1947,816
Permanent Finish Products,Northwest,United States,2013,288088.4695,1401
Safe Cycles Shop,Northwest,United States,2013,277795.4702,889
Closeout Boutique,Northwest,United States,2013,264960.6152,764
Another Bicycle Company,Northwest,United States,2013,216653.6233,601
Running and Cycling Gear,Northwest,United States,2013,215977.9626,381
Rugged Bikes,Northwest,United States,2013,208802.8733,269
Great Bikes,Northwest,United States,2013,206260.2475,383
Outstanding Cycles,Northwest,United States,2013,204203.3698,880
Latest Sports Equipment,Northwest,United States,2013,183750.2158,503
Stock Parts and Supplies,Northwest,United States,2013,178066.6502,258
Vintage Sport Boutique,Northwest,United States,2013,172651.038,312
Finer Parts Shop,Northwest,United States,2013,163352.9689,329
Travel Sports,Northwest,United States,2013,161109.3682,584
Authorized Bike Sales and Rental,Northwest,United States,2013,148588.0527,234
Utilitarian Sporting Goods,Northwest,United States,2013,147887.682,291
Sports Merchandise,Northwest,United States,2013,147421.7514,209
Friendly Bike Shop,Northwest,United States,2013,145111.1722,583
Metro Cycle Shop,Northwest,United States,2013,126409.7702,318
Mail-Order Outlet,Northwest,United States,2013,124159.188,215
Frugal Bike Shop,Northwest,United States,2013,122496.3644,319
Kickstands and Accessories Company,Northwest,United States,2013,115533.2761,192
Roadway Bike Emporium,Northwest,United States,2013,115196.67,157
Honest Repair Service,Northwest,United States,2013,114166.228,156
Fitness Supplies,Northwest,United States,2013,112900.248,470
Convenient Sales and Service,Northwest,United States,2013,80037.6137,117
Fashionable Bikes and Accessories,Northwest,United States,2013,70087.20,278
Official Parts Shop,Northwest,United States,2013,29657.1259,151
Remarkable Bike Store,Northwest,United States,2013,27786.3627,137
Sellers of Cycles,Northwest,United States,2013,24684.15,63
Successful Sales Company,Northwest,United States,2013,21481.854,147
Brightwork Company,Northwest,United States,2013,18790.038,131
Certified Bicycle Supply,Northwest,United States,2013,18692.25,173
Latest Accessories Sales,Northwest,United States,2013,16005.462,23
Roving Sports,Northwest,United States,2013,14854.122,43
Moderately-Priced Bikes Store,Northwest,United States,2013,13724.28,38
Nonskid Tire Company,Northwest,United States,2013,11050.3968,37
Progressive Sports,Northwest,United States,2013,10472.064,112
Cycle Clearance,Northwest,United States,2013,10355.1349,21
Riding Associates,Northwest,United States,2013,10349.1255,49
Finer Mart,Northwest,United States,2013,9530.0235,14
Central Discount Store,Northwest,United States,2013,8147.292,77
First Department Stores,Northwest,United States,2013,7934.82,30
Fad Outlet,Northwest,United States,2013,6729.21,17
Racing Bike Outlet,Northwest,United States,2013,5852.64,17
Two Bike Shops,Northwest,United States,2013,5240.502,8
Coho Sports,Northwest,United States,2013,4920.2328,14
Commendable Bikes,Northwest,United States,2013,4825.74,10
Family Entertainment Center,Northwest,United States,2013,4708.4929,8
Transport Bikes,Northwest,United States,2013,4481.4769,17
Countryside Company,Northwest,United States,2013,4359.174,9
Superior Hardware Distributors,Northwest,United States,2013,3827.25,5
City Manufacturing,Northwest,United States,2013,3035.388,10
The Bike Shop,Northwest,United States,2013,2535.042,4
Demand Distributors,Northwest,United States,2013,1828.002,11
Security Racks and Locks Wholesalers,Northwest,United States,2013,1749.8028,9
Fifth Bike Store,Northwest,United States,2013,1393.164,6
Wingtip Toys,Northwest,United States,2013,1291.788,8
Major Sport Suppliers,Northwest,United States,2013,996.372,4
Suburban Cycle Shop,Northwest,United States,2013,818.70,1
All Cycle Shop,Northwest,United States,2013,713.898,17
Some Discount Store,Northwest,United States,2013,83.988,2
Basic Bike Company,Northwest,United States,2013,65.988,2
Sports Sales and Rental,Southeast,United States,2010,39373.781,24
Juvenile Sports Equipment,Southeast,United States,2010,20645.634,23
Better Bike Shop,Southeast,United States,2010,20565.6206,26
Clamps & Brackets Co.,Southeast,United States,2010,20541.4072,23
Trusted Catalog Store,Southeast,United States,2010,14203.458,12
Bike Rims Company,Southeast,United States,2010,13787.5434,44
Daring Rides,Southeast,United States,2010,5596.4705,9
Simple Bike Parts,Southeast,United States,2010,2736.5678,6
Pedals Warehouse,Southeast,United States,2010,1294.2529,2
Retail Toy Store,Southeast,United States,2010,419.4589,1
Tread Industries,Southeast,United States,2011,431991.55,356
eCommerce Bikes,Southeast,United States,2011,306353.9239,256
Excellent Riding Supplies,Southeast,United States,2011,180664.8196,242
Global Plaza,Southeast,United States,2011,158899.1489,173
Unified Sports Company,Southeast,United States,2011,156391.9763,103
Better Bike Shop,Southeast,United States,2011,147314.5354,259
Qualified Sales and Repair Services,Southeast,United States,2011,137715.8538,366
Ultimate Bike Shop,Southeast,United States,2011,119147.2689,99
Consolidated Sales,Southeast,United States,2011,118338.4109,108
Trusted Catalog Store,Southeast,United States,2011,115361.0906,143
Sports Sales and Rental,Southeast,United States,2011,110001.8397,75
Juvenile Sports Equipment,Southeast,United States,2011,102644.5622,237
New and Used Bicycles,Southeast,United States,2011,96478.6905,149
General Associates,Southeast,United States,2011,82254.2322,119
Daring Rides,Southeast,United States,2011,76242.1332,93
Reliable Brake Systems,Southeast,United States,2011,72698.1613,103
Every Bike Shop,Southeast,United States,2011,70722.6155,132
Clamps & Brackets Co.,Southeast,United States,2011,66728.7414,65
Rally Day Mall,Southeast,United States,2011,63233.6717,271
Elemental Sporting Goods,Southeast,United States,2011,62333.4664,42
Bike Rims Company,Southeast,United States,2011,58448.184,150
Valuable Bike Parts Company,Southeast,United States,2011,35699.5713,142
Sunny Place Bikes,Southeast,United States,2011,18358.8957,54
Bike Goods,Southeast,United States,2011,18178.8866,30
Cycles and Scooters,Southeast,United States,2011,15007.2845,30
Touring Services,Southeast,United States,2011,12466.0865,26
Distinctive Cycles Sales & Service,Southeast,United States,2011,12306.5667,11
Stylish Department Stores,Southeast,United States,2011,11250.2604,30
Next-Door Bike Store,Southeast,United States,2011,9234.9728,6
Activity Center,Southeast,United States,2011,7004.5002,42
Metro Bike Mart,Southeast,United States,2011,6164.2493,8
New Bikes Company,Southeast,United States,2011,5670.2261,6
Tough and Reliable Parts,Southeast,United States,2011,5134.0996,11
Simple Bike Parts,Southeast,United States,2011,3526.716,5
Retail Toy Store,Southeast,United States,2011,2471.4147,2
Executive Discount Store,Southeast,United States,2011,2378.4486,4
Retirement Activities Association,Southeast,United States,2011,1022.856,3
One-Piece Handle Bars,Southeast,United States,2011,722.5949,1
Hobby Store,Southeast,United States,2011,647.994,1
Spoke Manufacturers,Southeast,United States,2011,469.794,1
Racing Association,Southeast,United States,2011,367.8764,2
Worthwhile Activity Store,Southeast,United States,2011,180.129,1
Excellent Riding Supplies,Southeast,United States,2012,396454.9271,617
Sales and Supply Company,Southeast,United States,2012,255176.7215,900
Tiny Bike Boutique,Southeast,United States,2012,194423.137,311
New and Used Bicycles,Southeast,United States,2012,181532.4164,326
Rally Day Mall,Southeast,United States,2012,180252.2259,742
Noiseless Gear Company,Southeast,United States,2012,145726.8739,277
eCommerce Bikes,Southeast,United States,2012,139659.6111,686
Better Bike Shop,Southeast,United States,2012,138045.3804,508
Valuable Bike Parts Company,Southeast,United States,2012,121876.2791,517
Next-Door Bike Store,Southeast,United States,2012,121868.0095,442
Juvenile Sports Equipment,Southeast,United States,2012,88918.6405,306
Every Bike Shop,Southeast,United States,2012,75095.9154,147
Consolidated Sales,Southeast,United States,2012,53434.8155,152
Wonderful Bikes Inc.,Southeast,United States,2012,47318.0679,203
Worthwhile Activity Store,Southeast,United States,2012,46839.126,89
Lubricant and Grease Suppliers,Southeast,United States,2012,37488.9416,139
Elemental Sporting Goods,Southeast,United States,2012,35583.8893,81
Sunny Place Bikes,Southeast,United States,2012,34894.3866,95
Manufacturers Inc,Southeast,United States,2012,29806.6547,89
Selected Distributors,Southeast,United States,2012,17162.9517,39
Activity Center,Southeast,United States,2012,17022.8001,79
Village Tours,Southeast,United States,2012,14603.1194,97
Superlative Bikes,Southeast,United States,2012,12509.9257,33
Trusted Catalog Store,Southeast,United States,2012,11371.2753,114
General Associates,Southeast,United States,2012,10366.1366,40
Extreme Toy Store,Southeast,United States,2012,9015.491,10
Mountain Emporium,Southeast,United States,2012,6214.259,5
Retread Tire Company,Southeast,United States,2012,5751.6151,13
Bike Goods,Southeast,United States,2012,5025.8488,12
Tandem Bicycle Store,Southeast,United States,2012,4837.8845,32
Racing Association,Southeast,United States,2012,4341.402,5
Bike Rims Company,Southeast,United States,2012,4228.146,9
Sports Sales and Rental,Southeast,United States,2012,4053.8199,5
Unified Sports Company,Southeast,United States,2012,3371.5913,4
Retail Toy Store,Southeast,United States,2012,2400.57,7
Optimal Bikes,Southeast,United States,2012,2254.7753,23
Tough and Reliable Parts,Southeast,United States,2012,2180.4192,10
Distance Bikes,Southeast,United States,2012,1915.9335,4
Pedal Systems Company,Southeast,United States,2012,1772.4316,5
Ultimate Bike Shop,Southeast,United States,2012,1317.6898,2
Hobby Store,Southeast,United States,2012,1313.385,15
Bike Products and Accessories,Southeast,United States,2012,1309.7989,15
Recreation Supplies,Southeast,United States,2012,1295.988,2
Spoke Manufacturers,Southeast,United States,2012,1145.4234,4
Metro Bike Mart,Southeast,United States,2012,1027.0855,8
Pedals Warehouse,Southeast,United States,2012,838.782,3
Simple Bike Parts,Southeast,United States,2012,356.898,1
Chain and Chain Tool Distributions,Southeast,United States,2012,165.231,1
Executive Discount Store,Southeast,United States,2012,40.373,2
Excellent Riding Supplies,Southeast,United States,2013,276729.4328,463
Front Runner Bikes,Southeast,United States,2013,184837.3297,850
Sales and Supply Company,Southeast,United States,2013,161526.0076,884
Industrial Supplies,Southeast,United States,2013,154826.7083,228
Noiseless Gear Company,Southeast,United States,2013,147883.8417,332
Metro Bike Mart,Southeast,United States,2013,141929.8872,361
Underglaze and Finish Company,Southeast,United States,2013,120639.5433,526
New and Used Bicycles,Southeast,United States,2013,117402.024,210
Better Bike Shop,Southeast,United States,2013,116781.0662,414
Blue-Ribbon Bike Company,Southeast,United States,2013,112651.9884,222
Exchange Parts Inc.,Southeast,United States,2013,112448.4311,205
Valuable Bike Parts Company,Southeast,United States,2013,91802.8333,442
Rally Day Mall,Southeast,United States,2013,91177.0885,575
Worthwhile Activity Store,Southeast,United States,2013,83578.5212,214
Every Bike Shop,Southeast,United States,2013,77466.864,120
Manufacturers Inc,Southeast,United States,2013,36458.856,113
Sunny Place Bikes,Southeast,United States,2013,30106.6632,189
Quitting Business Distributors,Southeast,United States,2013,29518.9673,56
Elemental Sporting Goods,Southeast,United States,2013,22429.968,91
Exemplary Cycles,Southeast,United States,2013,22181.7291,36
Consolidated Sales,Southeast,United States,2013,21935.3686,181
Leading Bike Distributors,Southeast,United States,2013,21860.136,108
Activity Center,Southeast,United States,2013,18623.0951,46
Games and Sport Supply Company,Southeast,United States,2013,18055.392,20
Eighty Toy Stores,Southeast,United States,2013,17433.196,80
Bike Goods,Southeast,United States,2013,17016.366,41
Lubricant and Grease Suppliers,Southeast,United States,2013,15887.4495,170
Superlative Bikes,Southeast,United States,2013,12732.606,42
Extreme Toy Store,Southeast,United States,2013,11495.244,43
Trusted Catalog Store,Southeast,United States,2013,10395.2318,56
Racks and Security Systems,Southeast,United States,2013,10135.8348,9
General Associates,Southeast,United States,2013,8380.056,22
Tandem Bicycle Store,Southeast,United States,2013,7797.0948,22
Acclaimed Bicycle Company,Southeast,United States,2013,7300.8288,16
Unified Sports Company,Southeast,United States,2013,6051.7668,16
Bike Products and Accessories,Southeast,United States,2013,3068.922,27
Ultimate Bike Shop,Southeast,United States,2013,1895.706,7
Distance Bikes,Southeast,United States,2013,1695.306,4
Simple Bike Parts,Southeast,United States,2013,1668.582,3
Tough and Reliable Parts,Southeast,United States,2013,1222.926,2
Hobby Store,Southeast,United States,2013,1087.212,13
Budget Bike Company,Southeast,United States,2013,1066.446,3
Sports Sales and Rental,Southeast,United States,2013,919.548,3
Pedals Warehouse,Southeast,United States,2013,712.746,9
Racing Association,Southeast,United States,2013,381.192,2
Widget Bicycle Specialists,Southeast,United States,2013,323.994,1
Touring Services,Southeast,United States,2013,323.994,1
Sensational Discount Store,Southeast,United States,2013,323.994,1
The Cycle Store,Southeast,United States,2013,149.874,1
Retirement Activities Association,Southeast,United States,2013,37.254,1
Distinctive Cycles Sales & Service,Southeast,United States,2013,37.254,1
Parts Shop,Southeast,United States,2013,24.294,1
Bike Dealers Association,Southwest,United States,2010,38510.8973,98
Fitness Toy Store,Southwest,United States,2010,33997.3702,66
Area Bike Accessories,Southwest,United States,2010,11397.4992,30
Separate Parts Corporation,Southwest,United States,2010,9799.9243,35
Wheel Gallery,Southwest,United States,2010,5056.4896,7
Grease and Oil Products Company,Southwest,United States,2010,874.794,1
World Bike Discount Store,Southwest,United States,2010,419.4589,1
Golf and Cycle Store,Southwest,United States,2011,316738.7527,318
Extended Bike Sales,Southwest,United States,2011,261522.327,263
Fitness Toy Store,Southwest,United States,2011,218911.9867,417
Sturdy Toys,Southwest,United States,2011,200625.4493,187
Farthermost Bike Shop,Southwest,United States,2011,197899.9897,283
The Gear Store,Southwest,United States,2011,189422.3887,213
Preferred Bikes,Southwest,United States,2011,187813.437,415
Resale Services,Southwest,United States,2011,179923.3823,191
Journey Sporting Goods,Southwest,United States,2011,175502.1574,154
Totes & Baskets Company,Southwest,United States,2011,167106.0363,310
Small Bike Shop,Southwest,United States,2011,158257.137,186
Bike Dealers Association,Southwest,United States,2011,149434.3648,522
Separate Parts Corporation,Southwest,United States,2011,146774.5708,285
Sparkling Paint and Finishes,Southwest,United States,2011,140874.514,86
Safe Toys,Southwest,United States,2011,131600.9354,95
Trailblazing Sports,Southwest,United States,2011,126717.8954,167
Paint Supply,Southwest,United States,2011,119436.7987,153
Affordable Sports Equipment,Southwest,United States,2011,103476.4076,164
Modular Cycle Systems,Southwest,United States,2011,97801.7811,169
Swift Cycles,Southwest,United States,2011,93371.0002,114
Area Bike Accessories,Southwest,United States,2011,89074.3982,134
Wire Baskets and Parts,Southwest,United States,2011,88310.8179,174
A Typical Bike Shop,Southwest,United States,2011,83457.1089,137
Solid Bike Parts,Southwest,United States,2011,79940.3738,201
Stationary Bikes and Stands,Southwest,United States,2011,61616.5168,174
Go-cart and Bike Specialists,Southwest,United States,2011,57182.2539,229
Advanced Bike Components,Southwest,United States,2011,55039.0293,169
Basic Sports Equipment,Southwest,United States,2011,52964.3708,55
Real Sporting Goods,Southwest,United States,2011,44991.4588,241
Genuine Bike Shop,Southwest,United States,2011,43221.2852,146
Rental Bikes,Southwest,United States,2011,40203.1893,88
Professional Cycle Store,Southwest,United States,2011,37650.2671,79
Distinctive Store,Southwest,United States,2011,28783.5448,51
Two Wheels Cycle Store,Southwest,United States,2011,22340.7593,52
Racing Toys,Southwest,United States,2011,18915.794,25
Grease and Oil Products Company,Southwest,United States,2011,16677.2438,70
Highway Bike Shop,Southwest,United States,2011,15941.2472,40
Wheel Gallery,Southwest,United States,2011,14357.4993,21
Vehicle Shop,Southwest,United States,2011,10862.3258,27
Discount Tours,Southwest,United States,2011,7777.3783,21
More Bikes!,Southwest,United States,2011,7719.6876,9
Social Activities Club,Southwest,United States,2011,7207.7402,16
Metropolitan Manufacturing,Southwest,United States,2011,6051.8056,9
Finish and Sealant Products,Southwest,United States,2011,5925.7862,29
Distant Inn,Southwest,United States,2011,5519.6111,49
Rural Sales and Service,Southwest,United States,2011,5146.3219,10
Alpine Ski House,Southwest,United States,2011,5141.1354,9
Mountain Toy Store,Southwest,United States,2011,3378.654,3
The New Bike Store,Southwest,United States,2011,2070.6098,4
Specialty Sports Store,Southwest,United States,2011,1524.5394,3
Regional Manufacturing,Southwest,United States,2011,1440.8086,4
World Bike Discount Store,Southwest,United States,2011,896.5986,4
First Cycle Store,Southwest,United States,2011,439.6454,2
Riding Excursions,Southwest,United States,2011,419.4589,1
Sheet Metal Manufacturing,Southwest,United States,2012,379531.5501,773
Farthermost Bike Shop,Southwest,United States,2012,379298.1467,743
Totes & Baskets Company,Southwest,United States,2012,359872.0404,746
Bicycle Merchandise Warehouse,Southwest,United States,2012,354805.2476,1056
Eastside Department Store,Southwest,United States,2012,339897.5504,1455
Fitness Toy Store,Southwest,United States,2012,333738.2605,617
Modular Cycle Systems,Southwest,United States,2012,319390.5203,533
The Gear Store,Southwest,United States,2012,270864.2016,740
Golf and Cycle Store,Southwest,United States,2012,268777.6803,566
Commercial Sporting Goods,Southwest,United States,2012,268209.286,1322
Preferred Bikes,Southwest,United States,2012,225241.3797,788
Affordable Sports Equipment,Southwest,United States,2012,207970.0234,521
Real Sporting Goods,Southwest,United States,2012,207116.8202,901
Mountain Bike Center,Southwest,United States,2012,192239.4437,450
Number 1 Supply,Southwest,United States,2012,191772.841,355
Quantity Discounts,Southwest,United States,2012,191430.9281,316
Elite Bikes,Southwest,United States,2012,179831.3507,716
Advanced Bike Components,Southwest,United States,2012,164626.4452,692
Bike Dealers Association,Southwest,United States,2012,164310.2904,792
Westside Plaza,Southwest,United States,2012,163930.3944,483
Many Bikes Store,Southwest,United States,2012,149807.9969,430
Resale Services,Southwest,United States,2012,142030.7292,495
Sturdy Toys,Southwest,United States,2012,141119.8325,285
Paint Supply,Southwest,United States,2012,140568.9677,662
Genial Bike Associates,Southwest,United States,2012,137282.2592,300
Small Bike Shop,Southwest,United States,2012,136737.3476,245
Extraordinary Bike Works,Southwest,United States,2012,136591.7792,335
Satin Finish Company,Southwest,United States,2012,135953.3799,293
Chic Department Stores,Southwest,United States,2012,132529.046,278
Separate Parts Corporation,Southwest,United States,2012,130397.5915,322
Trailblazing Sports,Southwest,United States,2012,126350.7516,267
Professional Cycle Store,Southwest,United States,2012,122791.5124,287
Retail Sporting Equipment,Southwest,United States,2012,114294.4289,288
Rally Master Company Inc,Southwest,United States,2012,108651.1427,183
Area Bike Accessories,Southwest,United States,2012,83973.4442,245
Go-cart and Bike Specialists,Southwest,United States,2012,81233.8939,394
Bike World,Southwest,United States,2012,67790.2412,190
Big-Time Bike Store,Southwest,United States,2012,52285.9489,78
Technical Parts Manufacturing,Southwest,United States,2012,50161.4113,111
Metropolitan Sports Supply,Southwest,United States,2012,39770.1922,124
Highway Bike Shop,Southwest,United States,2012,27755.78,134
Mechanical Products Ltd.,Southwest,United States,2012,25673.2045,112
Distant Inn,Southwest,United States,2012,24540.7705,149
Sports Products Store,Southwest,United States,2012,24133.3375,66
Solid Bike Parts,Southwest,United States,2012,21263.2098,42
The Bicycle Accessories Company,Southwest,United States,2012,20280.7448,47
Grease and Oil Products Company,Southwest,United States,2012,18524.4423,115
Metropolitan Manufacturing,Southwest,United States,2012,13048.3159,50
Third Bike Store,Southwest,United States,2012,12494.4545,52
Racing Toys,Southwest,United States,2012,12292.2845,51
Professional Containers and Packaging Co.,Southwest,United States,2012,11739.8794,94
Discount Tours,Southwest,United States,2012,9775.746,55
Outdoor Sporting Goods,Southwest,United States,2012,8109.252,21
Grand Bicycle Stores,Southwest,United States,2012,7938.7912,13
Coalition Bike Company,Southwest,United States,2012,7526.3101,61
Fleet Bikes,Southwest,United States,2012,6417.1108,7
Economy Bikes Company,Southwest,United States,2012,6221.0526,6
Alpine Ski House,Southwest,United States,2012,6205.746,18
Principal Bike Company,Southwest,United States,2012,5660.7146,11
Vale Riding Supplies,Southwest,United States,2012,5497.4401,7
Rural Department Store,Southwest,United States,2012,4536.257,11
First Cycle Store,Southwest,United States,2012,4189.2108,20
The New Bike Store,Southwest,United States,2012,3291.96,6
Cash & Carry Bikes,Southwest,United States,2012,2631.8687,9
Futuristic Bikes,Southwest,United States,2012,2368.3167,9
All Seasons Sports Supply,Southwest,United States,2012,2232.84,3
Swift Cycles,Southwest,United States,2012,2160.7057,4
Basic Sports Equipment,Southwest,United States,2012,1890.2397,64
Exercise Center,Southwest,United States,2012,1625.2755,14
Good Toys,Southwest,United States,2012,1429.7236,3
Mountain Toy Store,Southwest,United States,2012,1228.0045,5
Weekend Bike Tours,Southwest,United States,2012,1020.594,1
Valley Bicycle Distributors,Southwest,United States,2012,1010.8321,5
Major Sporting Goods,Southwest,United States,2012,939.588,2
Fitness Cycling,Southwest,United States,2012,818.70,1
Vehicle Shop,Southwest,United States,2012,803.766,16
Beneficial Exercises and Activities,Southwest,United States,2012,794.2467,2
Specialty Sports Store,Southwest,United States,2012,791.3406,17
World Bike Discount Store,Southwest,United States,2012,514.788,2
Social Activities Club,Southwest,United States,2012,469.794,1
Genuine Bike Shop,Southwest,United States,2012,332.9692,2
Retail Cycle Shop,Southwest,United States,2012,91.176,4
Rental Bikes,Southwest,United States,2012,53.994,1
Westside Plaza,Southwest,United States,2013,371025.8843,880
Eastside Department Store,Southwest,United States,2013,296328.9199,1099
Totes & Baskets Company,Southwest,United States,2013,289777.4996,680
Extraordinary Bike Works,Southwest,United States,2013,281844.7507,780
Mountain Bike Center,Southwest,United States,2013,264500.0309,412
Rally Master Company Inc,Southwest,United States,2013,246490.8381,324
Sheet Metal Manufacturing,Southwest,United States,2013,237808.9078,698
Many Bikes Store,Southwest,United States,2013,199534.1109,689
Area Bike Accessories,Southwest,United States,2013,196008.6909,533
Extreme Riding Supplies,Southwest,United States,2013,182025.0622,258
Resale Services,Southwest,United States,2013,170408.6519,651
Modular Cycle Systems,Southwest,United States,2013,169332.646,278
Chic Department Stores,Southwest,United States,2013,161300.1408,424
The Gear Store,Southwest,United States,2013,158329.538,626
Genial Bike Associates,Southwest,United States,2013,157107.5484,380
Quantity Discounts,Southwest,United States,2013,147508.272,223
Real Sporting Goods,Southwest,United States,2013,146903.6676,745
Satin Finish Company,Southwest,United States,2013,142459.4211,398
Advanced Bike Components,Southwest,United States,2013,142333.5838,834
Fitness Toy Store,Southwest,United States,2013,140625.032,244
Technical Parts Manufacturing,Southwest,United States,2013,136952.79,224
Paint Supply,Southwest,United States,2013,135861.5064,388
First Cycle Store,Southwest,United States,2013,134239.44,244
Swift Cycles,Southwest,United States,2013,132888.24,230
Small Bike Shop,Southwest,United States,2013,129518.2105,319
Number 1 Supply,Southwest,United States,2013,124550.9708,268
Trailblazing Sports,Southwest,United States,2013,119078.0796,361
Farthermost Bike Shop,Southwest,United States,2013,116304.3488,462
Professional Sales and Service,Southwest,United States,2013,112888.6666,499
Eighth Bike Store,Southwest,United States,2013,107115.3315,188
Fun Toys and Bikes,Southwest,United States,2013,95228.2244,185
Professional Cycle Store,Southwest,United States,2013,87458.9865,257
Sturdy Toys,Southwest,United States,2013,86145.5549,260
Principal Bike Company,Southwest,United States,2013,80536.38,116
Bike Dealers Association,Southwest,United States,2013,76795.3205,539
Thrilling Bike Tours,Southwest,United States,2013,54331.8353,90
Metropolitan Sports Supply,Southwest,United States,2013,46407.6548,175
Locks Company,Southwest,United States,2013,43699.0953,77
Big-Time Bike Store,Southwest,United States,2013,31006.26,56
Distant Inn,Southwest,United States,2013,30058.9334,161
Systematic Sales,Southwest,United States,2013,28016.698,45
Valley Bicycle Distributors,Southwest,United States,2013,27923.124,63
Bike World,Southwest,United States,2013,26744.6006,175
Highway Bike Shop,Southwest,United States,2013,24795.071,119
Engineered Bike Systems,Southwest,United States,2013,22523.182,46
Rural Department Store,Southwest,United States,2013,22307.994,21
Unsurpassed Bikes,Southwest,United States,2013,21244.542,40
Sports Products Store,Southwest,United States,2013,21154.3451,92
Grease and Oil Products Company,Southwest,United States,2013,18814.092,82
Maintenance and Repair for Bicycles,Southwest,United States,2013,18772.6824,18
Vale Riding Supplies,Southwest,United States,2013,15789.618,13
Mechanical Products Ltd.,Southwest,United States,2013,15522.348,161
Discount Tours,Southwest,United States,2013,14198.652,124
Metropolitan Manufacturing,Southwest,United States,2013,12799.9768,149
Big Cycle Mall,Southwest,United States,2013,12071.3124,18
Town Industries,Southwest,United States,2013,9969.0468,12
The Bicycle Accessories Company,Southwest,United States,2013,9247.2528,98
Racing Toys,Southwest,United States,2013,7574.418,30
Coalition Bike Company,Southwest,United States,2013,6649.4088,56
Grand Bicycle Stores,Southwest,United States,2013,6103.29,7
Third Bike Store,Southwest,United States,2013,5906.136,26
Thrifty Parts and Sales,Southwest,United States,2013,5227.494,13
All Seasons Sports Supply,Southwest,United States,2013,5203.428,11
Trendy Department Stores,Southwest,United States,2013,4636.422,8
Mountain Toy Store,Southwest,United States,2013,4471.812,5
Futuristic Bikes,Southwest,United States,2013,3408.636,32
Basic Sports Equipment,Southwest,United States,2013,3381.456,96
World Bike Discount Store,Southwest,United States,2013,3087.678,7
Two-Seater Bikes,Southwest,United States,2013,2930.5488,5
Aerobic Exercise Company,Southwest,United States,2013,2676.654,21
Outdoor Sporting Goods,Southwest,United States,2013,2546.178,11
Cash & Carry Bikes,Southwest,United States,2013,1376.994,1
Good Toys,Southwest,United States,2013,1374.258,7
Social Activities Club,Southwest,United States,2013,1320.282,3
Fitness Department Stores,Southwest,United States,2013,1220.4564,3
Specialty Sports Store,Southwest,United States,2013,1215.624,11
Beneficial Exercises and Activities,Southwest,United States,2013,920.448,3
Fitness Cycling,Southwest,United States,2013,706.05,6
Genuine Bike Shop,Southwest,United States,2013,356.898,1
Rental Bikes,Southwest,United States,2013,323.994,1
Vehicle Shop,Southwest,United States,2013,268.578,39
Prosperous Tours,United Kingdom,United Kingdom,2011,71274.5373,265
Number One Bike Co.,United Kingdom,United Kingdom,2011,7973.3042,19
Extended Tours,United Kingdom,United Kingdom,2011,1438.851,4
Metropolitan Bicycle Supply,United Kingdom,United Kingdom,2012,252486.2446,578
Bulk Discount Store,United Kingdom,United Kingdom,2012,205158.4159,453
Uttermost Bike Shop,United Kingdom,United Kingdom,2012,187701.7401,422
Prosperous Tours,United Kingdom,United Kingdom,2012,185358.1264,806
Downhill Bicycle Specialists,United Kingdom,United Kingdom,2012,141834.2702,676
Nearby Cycle Shop,United Kingdom,United Kingdom,2012,141788.9334,294
Commerce Bicycle Specialists,United Kingdom,United Kingdom,2012,140242.1576,460
Exhibition Showroom,United Kingdom,United Kingdom,2012,56981.3474,339
Oils and Fluids Warehouse,United Kingdom,United Kingdom,2012,44289.4011,82
Cycling Goods,United Kingdom,United Kingdom,2012,29099.3099,106
Number One Bike Co.,United Kingdom,United Kingdom,2012,23071.9873,55
Cycles Wholesaler & Mfg.,United Kingdom,United Kingdom,2012,22690.4493,61
Tachometers and Accessories,United Kingdom,United Kingdom,2012,13961.1397,50
Exceptional Cycle Services,United Kingdom,United Kingdom,2012,8410.9927,74
Leisure Clearing House,United Kingdom,United Kingdom,2012,6591.8124,19
Extended Tours,United Kingdom,United Kingdom,2012,4176.7284,9
Sports Store,United Kingdom,United Kingdom,2012,4055.0323,7
Exclusive Bicycle Mart,United Kingdom,United Kingdom,2012,3684.6387,7
Nearby Sporting Goods,United Kingdom,United Kingdom,2012,1733.8347,4
Area Sheet Metal Supply,United Kingdom,United Kingdom,2012,1696.1436,8
Vigorous Sports Store,United Kingdom,United Kingdom,2012,1658.6587,5
Authentic Sales and Service,United Kingdom,United Kingdom,2012,1618.393,40
Action Bicycle Specialists,United Kingdom,United Kingdom,2013,321752.8352,1090
Metropolitan Bicycle Supply,United Kingdom,United Kingdom,2013,307134.7016,773
Metro Metals Co.,United Kingdom,United Kingdom,2013,299985.1981,465
Riding Cycles,United Kingdom,United Kingdom,2013,282701.3222,1078
Bulk Discount Store,United Kingdom,United Kingdom,2013,269243.4369,673
Instruments and Parts Company,United Kingdom,United Kingdom,2013,201888.6635,363
Commerce Bicycle Specialists,United Kingdom,United Kingdom,2013,161801.6152,619
Nearby Cycle Shop,United Kingdom,United Kingdom,2013,131396.9574,323
Uttermost Bike Shop,United Kingdom,United Kingdom,2013,121974.096,457
Closest Bicycle Store,United Kingdom,United Kingdom,2013,117491.4248,328
Exhibition Showroom,United Kingdom,United Kingdom,2013,99975.8188,666
Prosperous Tours,United Kingdom,United Kingdom,2013,97974.6616,595
Variety Cycling,United Kingdom,United Kingdom,2013,97173.4233,137
Cycles Wholesaler & Mfg.,United Kingdom,United Kingdom,2013,80592.366,170
Cycling Goods,United Kingdom,United Kingdom,2013,31828.56,116
Oils and Fluids Warehouse,United Kingdom,United Kingdom,2013,18090.72,74
Exceptional Cycle Services,United Kingdom,United Kingdom,2013,14195.112,63
Number One Bike Co.,United Kingdom,United Kingdom,2013,13944.714,33
Express Bike Services,United Kingdom,United Kingdom,2013,13219.944,140
Tachometers and Accessories,United Kingdom,United Kingdom,2013,8193.81,34
Nearby Sporting Goods,United Kingdom,United Kingdom,2013,5961.87,6
Vigorous Sports Store,United Kingdom,United Kingdom,2013,5524.92,11
Rampart Amusement Company,United Kingdom,United Kingdom,2013,5179.8109,12
Outdoor Aerobic Systems Company,United Kingdom,United Kingdom,2013,3288.918,3
Sports Store,United Kingdom,United Kingdom,2013,2223.3888,7
Channel Outlet,United Kingdom,United Kingdom,2013,2157.888,68
Central Bicycle Specialists,United Kingdom,United Kingdom,2013,1424.4864,4
Exclusive Bicycle Mart,United Kingdom,United Kingdom,2013,996.288,2
Area Sheet Metal Supply,United Kingdom,United Kingdom,2013,750.234,7
Mail Market,United Kingdom,United Kingdom,2013,465.90,9
Leisure Clearing House,United Kingdom,United Kingdom,2013,455.784,3
Shipping Specialists,United Kingdom,United Kingdom,2013,443.97,5
West Side Mart,United Kingdom,United Kingdom,2013,340.152,4
Tubeless Tire Company,United Kingdom,United Kingdom,2013,200.052,1
Essential Bike Works,United Kingdom,United Kingdom,2013,59.334,11
